,room,game,condition,first_player,move,agreement
0,17,0,control,0,0,0.25
1,17,0,control,0,1,0.0
2,17,0,control,0,2,0.5
3,17,0,control,0,3,0.0
4,17,0,control,0,4,0.0
5,17,0,control,0,5,0.0
6,17,0,control,0,6,0.0
7,17,0,control,0,7,1.0
8,17,0,control,0,8,1.0
9,17,0,control,0,9,1.0
10,17,0,control,0,10,0.5
11,17,0,control,0,11,1.0
12,17,0,control,0,12,0.5
13,17,0,control,0,13,0.0
14,17,0,control,0,14,0.0
0,17,1,control,1,0,0.25
1,17,1,control,1,1,1.0
2,17,1,control,1,2,1.0
3,17,1,control,1,3,0.0
4,17,1,control,1,4,1.0
5,17,1,control,1,5,0.0
6,17,1,control,1,6,1.0
7,17,1,control,1,7,0.0
8,17,1,control,1,8,1.0
9,17,1,control,1,9,1.0
10,17,1,control,1,10,0.0
11,17,1,control,1,11,0.3333333333333333
12,17,1,control,1,12,0.0
13,17,1,control,1,13,0.0
14,17,1,control,1,14,0.0
0,17,2,control,0,0,0.25
1,17,2,control,0,1,0.0
2,17,2,control,0,2,0.3333333333333333
3,17,2,control,0,3,0.0
4,17,2,control,0,4,0.0
5,17,2,control,0,5,0.0
6,17,2,control,0,6,0.0
7,17,2,control,0,7,0.3333333333333333
8,17,2,control,0,8,0.0
9,17,2,control,0,9,1.0
10,17,2,control,0,10,0.0
11,17,2,control,0,11,1.0
12,17,2,control,0,12,1.0
13,17,2,control,0,13,0.0
14,17,2,control,0,14,0.0
0,17,3,control,1,0,0.25
1,17,3,control,1,1,1.0
2,17,3,control,1,2,1.0
3,17,3,control,1,3,0.3333333333333333
4,17,3,control,1,4,0.5
5,17,3,control,1,5,0.0
6,17,3,control,1,6,1.0
7,17,3,control,1,7,0.0
8,17,3,control,1,8,0.0
9,17,3,control,1,9,0.5
10,17,3,control,1,10,1.0
11,17,3,control,1,11,0.0
12,17,3,control,1,12,1.0
13,17,3,control,1,13,1.0
14,17,3,control,1,14,1.0
0,17,4,control,0,0,0.25
1,17,4,control,0,1,1.0
2,17,4,control,0,2,0.3333333333333333
3,17,4,control,0,3,1.0
4,17,4,control,0,4,0.0
5,17,4,control,0,5,1.0
6,17,4,control,0,6,1.0
7,17,4,control,0,7,1.0
8,17,4,control,0,8,0.0
9,17,4,control,0,9,1.0
10,17,4,control,0,10,1.0
11,17,4,control,0,11,1.0
12,17,4,control,0,12,0.0
13,17,4,control,0,13,1.0
14,17,4,control,0,14,1.0
0,17,5,control,1,0,0.25
1,17,5,control,1,1,0.0
2,17,5,control,1,2,0.5
3,17,5,control,1,3,1.0
4,17,5,control,1,4,0.0
5,17,5,control,1,5,1.0
6,17,5,control,1,6,1.0
7,17,5,control,1,7,1.0
8,17,5,control,1,8,1.0
9,17,5,control,1,9,0.0
10,17,5,control,1,10,0.0
11,17,5,control,1,11,0.0
12,17,5,control,1,12,0.0
13,17,5,control,1,13,0.0
14,17,5,control,1,14,0.0
0,17,6,control,0,0,0.25
1,17,6,control,0,1,0.0
2,17,6,control,0,2,0.0
3,17,6,control,0,3,0.3333333333333333
4,17,6,control,0,4,0.0
5,17,6,control,0,5,0.0
6,17,6,control,0,6,0.0
7,17,6,control,0,7,0.5
8,17,6,control,0,8,1.0
9,17,6,control,0,9,1.0
10,17,6,control,0,10,1.0
11,17,6,control,0,11,1.0
12,17,6,control,0,12,0.0
13,17,6,control,0,13,1.0
14,17,6,control,0,14,0.0
0,17,7,control,1,0,0.25
1,17,7,control,1,1,0.0
2,17,7,control,1,2,0.3333333333333333
3,17,7,control,1,3,0.5
4,17,7,control,1,4,0.0
5,17,7,control,1,5,0.0
6,17,7,control,1,6,0.0
7,17,7,control,1,7,1.0
8,17,7,control,1,8,0.0
9,17,7,control,1,9,0.0
10,17,7,control,1,10,1.0
11,17,7,control,1,11,0.0
12,17,7,control,1,12,1.0
13,17,7,control,1,13,0.0
14,17,7,control,1,14,1.0
0,17,8,control,0,0,0.25
1,17,8,control,0,1,0.3333333333333333
2,17,8,control,0,2,0.5
3,17,8,control,0,3,0.0
4,17,8,control,0,4,0.5
5,17,8,control,0,5,1.0
6,17,8,control,0,6,0.0
7,17,8,control,0,7,1.0
8,17,8,control,0,8,0.0
9,17,8,control,0,9,1.0
10,17,8,control,0,10,0.0
11,17,8,control,0,11,0.0
12,17,8,control,0,12,1.0
13,17,8,control,0,13,1.0
14,17,8,control,0,14,0.0
0,17,9,control,1,0,0.25
1,17,9,control,1,1,0.0
2,17,9,control,1,2,1.0
3,17,9,control,1,3,0.0
4,17,9,control,1,4,1.0
5,17,9,control,1,5,1.0
6,17,9,control,1,6,1.0
7,17,9,control,1,7,0.0
8,17,9,control,1,8,1.0
9,17,9,control,1,9,0.0
10,17,9,control,1,10,1.0
11,17,9,control,1,11,0.5
12,17,9,control,1,12,0.0
13,17,9,control,1,13,0.0
14,17,9,control,1,14,0.0
0,17,10,control,0,0,0.25
1,17,10,control,0,1,0.0
2,17,10,control,0,2,0.0
3,17,10,control,0,3,0.0
4,17,10,control,0,4,0.0
5,17,10,control,0,5,0.0
6,17,10,control,0,6,0.5
7,17,10,control,0,7,1.0
8,17,10,control,0,8,0.0
9,17,10,control,0,9,1.0
10,17,10,control,0,10,0.0
11,17,10,control,0,11,1.0
12,17,10,control,0,12,0.0
13,17,10,control,0,13,0.0
14,17,10,control,0,14,0.0
0,17,11,control,1,0,0.25
1,17,11,control,1,1,0.3333333333333333
2,17,11,control,1,2,0.0
3,17,11,control,1,3,0.0
4,17,11,control,1,4,0.0
5,17,11,control,1,5,0.0
6,17,11,control,1,6,0.0
7,17,11,control,1,7,0.0
8,17,11,control,1,8,0.5
9,17,11,control,1,9,0.0
10,17,11,control,1,10,1.0
11,17,11,control,1,11,1.0
12,17,11,control,1,12,1.0
13,17,11,control,1,13,0.0
14,17,11,control,1,14,0.0
0,17,12,control,0,0,0.25
1,17,12,control,0,1,0.0
2,17,12,control,0,2,0.0
3,17,12,control,0,3,0.5
4,17,12,control,0,4,1.0
5,17,12,control,0,5,1.0
6,17,12,control,0,6,0.0
7,17,12,control,0,7,0.0
8,17,12,control,0,8,0.5
9,17,12,control,0,9,0.0
10,17,12,control,0,10,0.0
11,17,12,control,0,11,0.0
12,17,12,control,0,12,0.0
13,17,12,control,0,13,0.0
14,17,12,control,0,14,1.0
0,17,13,control,1,0,0.25
1,17,13,control,1,1,0.3333333333333333
2,17,13,control,1,2,0.0
3,17,13,control,1,3,0.0
4,17,13,control,1,4,0.0
5,17,13,control,1,5,0.0
6,17,13,control,1,6,0.0
7,17,13,control,1,7,0.5
8,17,13,control,1,8,1.0
9,17,13,control,1,9,0.0
10,17,13,control,1,10,1.0
11,17,13,control,1,11,0.0
12,17,13,control,1,12,1.0
13,17,13,control,1,13,0.0
14,17,13,control,1,14,0.0
0,17,14,control,0,0,0.25
1,17,14,control,0,1,0.3333333333333333
2,17,14,control,0,2,0.0
3,17,14,control,0,3,0.0
4,17,14,control,0,4,0.0
5,17,14,control,0,5,0.5
6,17,14,control,0,6,1.0
7,17,14,control,0,7,0.0
8,17,14,control,0,8,0.0
9,17,14,control,0,9,0.0
10,17,14,control,0,10,1.0
11,17,14,control,0,11,0.0
12,17,14,control,0,12,0.0
13,17,14,control,0,13,0.0
14,17,14,control,0,14,0.0
0,17,15,control,1,0,0.25
1,17,15,control,1,1,0.3333333333333333
2,17,15,control,1,2,0.0
3,17,15,control,1,3,0.0
4,17,15,control,1,4,0.3333333333333333
5,17,15,control,1,5,0.0
6,17,15,control,1,6,0.0
7,17,15,control,1,7,1.0
8,17,15,control,1,8,1.0
9,17,15,control,1,9,0.0
10,17,15,control,1,10,1.0
11,17,15,control,1,11,0.0
12,17,15,control,1,12,1.0
13,17,15,control,1,13,0.0
14,17,15,control,1,14,1.0
0,17,16,control,0,0,0.25
1,17,16,control,0,1,0.0
2,17,16,control,0,2,0.0
3,17,16,control,0,3,0.0
4,17,16,control,0,4,0.0
5,17,16,control,0,5,0.0
6,17,16,control,0,6,0.0
7,17,16,control,0,7,0.5
8,17,16,control,0,8,0.0
9,17,16,control,0,9,0.0
10,17,16,control,0,10,1.0
11,17,16,control,0,11,0.0
12,17,16,control,0,12,0.0
13,17,16,control,0,13,0.0
14,17,16,control,0,14,0.0
0,17,17,control,1,0,0.25
1,17,17,control,1,1,0.0
2,17,17,control,1,2,0.5
3,17,17,control,1,3,0.0
4,17,17,control,1,4,1.0
5,17,17,control,1,5,0.0
6,17,17,control,1,6,0.0
7,17,17,control,1,7,0.0
8,17,17,control,1,8,0.0
9,17,17,control,1,9,1.0
10,17,17,control,1,10,0.0
11,17,17,control,1,11,0.0
12,17,17,control,1,12,1.0
13,17,17,control,1,13,0.0
14,17,17,control,1,14,0.0
0,17,18,control,0,0,0.25
1,17,18,control,0,1,0.3333333333333333
2,17,18,control,0,2,0.5
3,17,18,control,0,3,0.0
4,17,18,control,0,4,0.0
5,17,18,control,0,5,0.5
6,17,18,control,0,6,0.0
7,17,18,control,0,7,0.0
8,17,18,control,0,8,0.0
9,17,18,control,0,9,0.0
10,17,18,control,0,10,1.0
11,17,18,control,0,11,1.0
12,17,18,control,0,12,0.0
13,17,18,control,0,13,0.0
14,17,18,control,0,14,0.0
0,17,19,control,1,0,0.25
1,17,19,control,1,1,0.0
2,17,19,control,1,2,0.5
3,17,19,control,1,3,0.0
4,17,19,control,1,4,0.0
5,17,19,control,1,5,0.0
6,17,19,control,1,6,0.5
7,17,19,control,1,7,0.0
8,17,19,control,1,8,0.5
9,17,19,control,1,9,0.0
10,17,19,control,1,10,0.5
11,17,19,control,1,11,0.0
12,17,19,control,1,12,0.0
13,17,19,control,1,13,0.0
14,17,19,control,1,14,0.0
0,8,0,control,0,0,0.25
1,8,0,control,0,1,0.3333333333333333
2,8,0,control,0,2,0.0
3,8,0,control,0,3,0.0
4,8,0,control,0,4,0.5
5,8,0,control,0,5,1.0
6,8,0,control,0,6,0.3333333333333333
7,8,0,control,0,7,0.0
8,8,0,control,0,8,0.0
9,8,0,control,0,9,0.0
10,8,0,control,0,10,0.0
11,8,0,control,0,11,1.0
12,8,0,control,0,12,0.0
13,8,0,control,0,13,0.0
14,8,0,control,0,14,0.0
0,8,1,control,1,0,0.25
1,8,1,control,1,1,0.0
2,8,1,control,1,2,0.3333333333333333
3,8,1,control,1,3,0.0
4,8,1,control,1,4,0.5
5,8,1,control,1,5,1.0
6,8,1,control,1,6,1.0
7,8,1,control,1,7,0.0
8,8,1,control,1,8,1.0
9,8,1,control,1,9,0.0
10,8,1,control,1,10,0.0
11,8,1,control,1,11,1.0
12,8,1,control,1,12,0.0
13,8,1,control,1,13,0.0
14,8,1,control,1,14,1.0
0,8,2,control,0,0,0.25
1,8,2,control,0,1,0.0
2,8,2,control,0,2,0.0
3,8,2,control,0,3,0.0
4,8,2,control,0,4,0.0
5,8,2,control,0,5,0.3333333333333333
6,8,2,control,0,6,0.5
7,8,2,control,0,7,0.0
8,8,2,control,0,8,0.5
9,8,2,control,0,9,0.0
10,8,2,control,0,10,0.0
11,8,2,control,0,11,0.0
12,8,2,control,0,12,0.0
13,8,2,control,0,13,0.0
14,8,2,control,0,14,1.0
0,8,3,control,1,0,0.25
1,8,3,control,1,1,0.0
2,8,3,control,1,2,1.0
3,8,3,control,1,3,0.0
4,8,3,control,1,4,1.0
5,8,3,control,1,5,1.0
6,8,3,control,1,6,1.0
7,8,3,control,1,7,0.0
8,8,3,control,1,8,1.0
9,8,3,control,1,9,0.0
10,8,3,control,1,10,0.0
11,8,3,control,1,11,0.0
12,8,3,control,1,12,0.0
13,8,3,control,1,13,1.0
14,8,3,control,1,14,0.0
0,8,4,control,0,0,0.25
1,8,4,control,0,1,1.0
2,8,4,control,0,2,0.3333333333333333
3,8,4,control,0,3,1.0
4,8,4,control,0,4,0.0
5,8,4,control,0,5,0.0
6,8,4,control,0,6,0.0
7,8,4,control,0,7,0.0
8,8,4,control,0,8,0.0
9,8,4,control,0,9,0.5
10,8,4,control,0,10,1.0
11,8,4,control,0,11,1.0
12,8,4,control,0,12,0.0
13,8,4,control,0,13,0.0
14,8,4,control,0,14,0.0
0,8,5,control,1,0,0.25
1,8,5,control,1,1,0.0
2,8,5,control,1,2,0.0
3,8,5,control,1,3,0.3333333333333333
4,8,5,control,1,4,0.5
5,8,5,control,1,5,0.0
6,8,5,control,1,6,0.0
7,8,5,control,1,7,0.0
8,8,5,control,1,8,0.0
9,8,5,control,1,9,0.0
10,8,5,control,1,10,0.0
11,8,5,control,1,11,0.5
12,8,5,control,1,12,1.0
13,8,5,control,1,13,1.0
14,8,5,control,1,14,1.0
0,8,6,control,0,0,0.25
1,8,6,control,0,1,1.0
2,8,6,control,0,2,0.0
3,8,6,control,0,3,0.0
4,8,6,control,0,4,0.0
5,8,6,control,0,5,0.0
6,8,6,control,0,6,0.0
7,8,6,control,0,7,1.0
8,8,6,control,0,8,1.0
9,8,6,control,0,9,1.0
10,8,6,control,0,10,0.0
11,8,6,control,0,11,0.0
12,8,6,control,0,12,1.0
13,8,6,control,0,13,0.0
14,8,6,control,0,14,0.0
0,8,7,control,1,0,0.25
1,8,7,control,1,1,0.3333333333333333
2,8,7,control,1,2,1.0
3,8,7,control,1,3,0.0
4,8,7,control,1,4,0.0
5,8,7,control,1,5,0.0
6,8,7,control,1,6,0.0
7,8,7,control,1,7,0.0
8,8,7,control,1,8,1.0
9,8,7,control,1,9,1.0
10,8,7,control,1,10,1.0
11,8,7,control,1,11,0.0
12,8,7,control,1,12,1.0
13,8,7,control,1,13,0.0
14,8,7,control,1,14,0.0
0,8,8,control,0,0,0.25
1,8,8,control,0,1,1.0
2,8,8,control,0,2,0.3333333333333333
3,8,8,control,0,3,0.5
4,8,8,control,0,4,0.0
5,8,8,control,0,5,0.0
6,8,8,control,0,6,0.0
7,8,8,control,0,7,0.0
8,8,8,control,0,8,1.0
9,8,8,control,0,9,1.0
10,8,8,control,0,10,0.0
11,8,8,control,0,11,0.5
12,8,8,control,0,12,0.0
13,8,8,control,0,13,0.0
14,8,8,control,0,14,0.5
0,8,9,control,1,0,0.25
1,8,9,control,1,1,1.0
2,8,9,control,1,2,0.0
3,8,9,control,1,3,0.3333333333333333
4,8,9,control,1,4,1.0
5,8,9,control,1,5,0.0
6,8,9,control,1,6,1.0
7,8,9,control,1,7,1.0
8,8,9,control,1,8,0.0
9,8,9,control,1,9,0.0
10,8,9,control,1,10,0.0
11,8,9,control,1,11,0.0
12,8,9,control,1,12,0.0
13,8,9,control,1,13,0.0
14,8,9,control,1,14,0.5
0,8,10,control,1,0,0.25
1,8,10,control,1,1,1.0
2,8,10,control,1,2,1.0
3,8,10,control,1,3,1.0
4,8,10,control,1,4,1.0
5,8,10,control,1,5,0.0
6,8,10,control,1,6,0.0
7,8,10,control,1,7,0.0
8,8,10,control,1,8,0.0
9,8,10,control,1,9,0.0
10,8,10,control,1,10,0.0
11,8,10,control,1,11,0.0
12,8,10,control,1,12,0.5
13,8,10,control,1,13,0.0
14,8,10,control,1,14,0.0
0,8,11,control,0,0,0.25
1,8,11,control,0,1,0.3333333333333333
2,8,11,control,0,2,0.0
3,8,11,control,0,3,0.5
4,8,11,control,0,4,0.0
5,8,11,control,0,5,1.0
6,8,11,control,0,6,1.0
7,8,11,control,0,7,1.0
8,8,11,control,0,8,0.0
9,8,11,control,0,9,0.0
10,8,11,control,0,10,1.0
11,8,11,control,0,11,1.0
12,8,11,control,0,12,0.0
13,8,11,control,0,13,0.0
14,8,11,control,0,14,0.0
0,8,12,control,1,0,0.25
1,8,12,control,1,1,0.0
2,8,12,control,1,2,0.3333333333333333
3,8,12,control,1,3,0.0
4,8,12,control,1,4,0.0
5,8,12,control,1,5,0.5
6,8,12,control,1,6,1.0
7,8,12,control,1,7,0.0
8,8,12,control,1,8,1.0
9,8,12,control,1,9,0.0
10,8,12,control,1,10,1.0
11,8,12,control,1,11,0.0
12,8,12,control,1,12,1.0
13,8,12,control,1,13,1.0
14,8,12,control,1,14,0.0
0,8,13,control,0,0,0.25
1,8,13,control,0,1,0.0
2,8,13,control,0,2,0.3333333333333333
3,8,13,control,0,3,0.0
4,8,13,control,0,4,0.5
5,8,13,control,0,5,0.0
6,8,13,control,0,6,0.5
7,8,13,control,0,7,1.0
8,8,13,control,0,8,0.0
9,8,13,control,0,9,1.0
10,8,13,control,0,10,0.0
11,8,13,control,0,11,0.0
12,8,13,control,0,12,0.0
13,8,13,control,0,13,1.0
14,8,13,control,0,14,0.0
0,8,14,control,1,0,0.25
1,8,14,control,1,1,1.0
2,8,14,control,1,2,1.0
3,8,14,control,1,3,1.0
4,8,14,control,1,4,1.0
5,8,14,control,1,5,0.3333333333333333
6,8,14,control,1,6,0.5
7,8,14,control,1,7,1.0
8,8,14,control,1,8,1.0
9,8,14,control,1,9,0.0
10,8,14,control,1,10,1.0
11,8,14,control,1,11,0.0
12,8,14,control,1,12,1.0
13,8,14,control,1,13,1.0
14,8,14,control,1,14,1.0
0,8,15,control,0,0,0.25
1,8,15,control,0,1,0.3333333333333333
2,8,15,control,0,2,0.5
3,8,15,control,0,3,0.0
4,8,15,control,0,4,1.0
5,8,15,control,0,5,1.0
6,8,15,control,0,6,0.0
7,8,15,control,0,7,0.0
8,8,15,control,0,8,0.0
9,8,15,control,0,9,0.5
10,8,15,control,0,10,0.0
11,8,15,control,0,11,1.0
12,8,15,control,0,12,0.0
13,8,15,control,0,13,0.0
14,8,15,control,0,14,0.0
0,8,16,control,1,0,0.25
1,8,16,control,1,1,0.0
2,8,16,control,1,2,0.3333333333333333
3,8,16,control,1,3,0.0
4,8,16,control,1,4,0.5
5,8,16,control,1,5,0.0
6,8,16,control,1,6,1.0
7,8,16,control,1,7,0.0
8,8,16,control,1,8,1.0
9,8,16,control,1,9,0.0
10,8,16,control,1,10,0.0
11,8,16,control,1,11,1.0
12,8,16,control,1,12,0.0
13,8,16,control,1,13,0.0
14,8,16,control,1,14,0.0
0,8,17,control,1,0,0.25
1,8,17,control,1,1,1.0
2,8,17,control,1,2,1.0
3,8,17,control,1,3,0.0
4,8,17,control,1,4,0.0
5,8,17,control,1,5,0.0
6,8,17,control,1,6,0.0
7,8,17,control,1,7,0.0
8,8,17,control,1,8,0.5
9,8,17,control,1,9,0.0
10,8,17,control,1,10,0.5
11,8,17,control,1,11,0.0
12,8,17,control,1,12,0.0
13,8,17,control,1,13,0.0
14,8,17,control,1,14,0.0
0,8,18,control,0,0,0.25
1,8,18,control,0,1,1.0
2,8,18,control,0,2,0.3333333333333333
3,8,18,control,0,3,1.0
4,8,18,control,0,4,0.0
5,8,18,control,0,5,0.0
6,8,18,control,0,6,0.0
7,8,18,control,0,7,0.0
8,8,18,control,0,8,0.0
9,8,18,control,0,9,0.0
10,8,18,control,0,10,1.0
11,8,18,control,0,11,1.0
12,8,18,control,0,12,0.0
13,8,18,control,0,13,1.0
14,8,18,control,0,14,1.0
0,8,19,control,1,0,0.25
1,8,19,control,1,1,0.0
2,8,19,control,1,2,0.5
3,8,19,control,1,3,0.0
4,8,19,control,1,4,1.0
5,8,19,control,1,5,0.0
6,8,19,control,1,6,0.0
7,8,19,control,1,7,0.0
8,8,19,control,1,8,1.0
9,8,19,control,1,9,0.5
10,8,19,control,1,10,0.0
11,8,19,control,1,11,0.0
12,8,19,control,1,12,1.0
13,8,19,control,1,13,0.0
14,8,19,control,1,14,1.0
0,11,0,control,0,0,0.25
1,11,0,control,0,1,0.3333333333333333
2,11,0,control,0,2,0.0
3,11,0,control,0,3,0.0
4,11,0,control,0,4,0.0
5,11,0,control,0,5,0.0
6,11,0,control,0,6,0.5
7,11,0,control,0,7,0.0
8,11,0,control,0,8,1.0
9,11,0,control,0,9,0.0
10,11,0,control,0,10,0.0
11,11,0,control,0,11,1.0
12,11,0,control,0,12,0.0
13,11,0,control,0,13,0.0
14,11,0,control,0,14,0.0
0,11,1,control,1,0,0.25
1,11,1,control,1,1,0.0
2,11,1,control,1,2,1.0
3,11,1,control,1,3,0.5
4,11,1,control,1,4,0.0
5,11,1,control,1,5,1.0
6,11,1,control,1,6,1.0
7,11,1,control,1,7,1.0
8,11,1,control,1,8,1.0
9,11,1,control,1,9,1.0
10,11,1,control,1,10,1.0
11,11,1,control,1,11,1.0
12,11,1,control,1,12,1.0
13,11,1,control,1,13,1.0
14,11,1,control,1,14,0.0
0,11,2,control,0,0,0.25
1,11,2,control,0,1,0.0
2,11,2,control,0,2,0.5
3,11,2,control,0,3,0.0
4,11,2,control,0,4,0.0
5,11,2,control,0,5,1.0
6,11,2,control,0,6,1.0
7,11,2,control,0,7,1.0
8,11,2,control,0,8,1.0
9,11,2,control,0,9,1.0
10,11,2,control,0,10,1.0
11,11,2,control,0,11,0.0
12,11,2,control,0,12,1.0
13,11,2,control,0,13,0.0
14,11,2,control,0,14,0.0
0,11,3,control,1,0,0.25
1,11,3,control,1,1,0.3333333333333333
2,11,3,control,1,2,1.0
3,11,3,control,1,3,0.0
4,11,3,control,1,4,0.0
5,11,3,control,1,5,1.0
6,11,3,control,1,6,0.5
7,11,3,control,1,7,1.0
8,11,3,control,1,8,0.0
9,11,3,control,1,9,1.0
10,11,3,control,1,10,1.0
11,11,3,control,1,11,1.0
12,11,3,control,1,12,1.0
13,11,3,control,1,13,1.0
14,11,3,control,1,14,0.0
0,11,4,control,0,0,0.25
1,11,4,control,0,1,1.0
2,11,4,control,0,2,1.0
3,11,4,control,0,3,0.3333333333333333
4,11,4,control,0,4,0.0
5,11,4,control,0,5,0.5
6,11,4,control,0,6,1.0
7,11,4,control,0,7,1.0
8,11,4,control,0,8,1.0
9,11,4,control,0,9,1.0
10,11,4,control,0,10,1.0
11,11,4,control,0,11,1.0
12,11,4,control,0,12,1.0
13,11,4,control,0,13,1.0
14,11,4,control,0,14,1.0
0,11,5,control,1,0,0.25
1,11,5,control,1,1,1.0
2,11,5,control,1,2,0.3333333333333333
3,11,5,control,1,3,0.5
4,11,5,control,1,4,1.0
5,11,5,control,1,5,0.0
6,11,5,control,1,6,0.0
7,11,5,control,1,7,1.0
8,11,5,control,1,8,1.0
9,11,5,control,1,9,1.0
10,11,5,control,1,10,1.0
11,11,5,control,1,11,1.0
12,11,5,control,1,12,1.0
13,11,5,control,1,13,1.0
14,11,5,control,1,14,1.0
0,11,6,control,0,0,0.25
1,11,6,control,0,1,1.0
2,11,6,control,0,2,0.0
3,11,6,control,0,3,0.3333333333333333
4,11,6,control,0,4,0.0
5,11,6,control,0,5,1.0
6,11,6,control,0,6,1.0
7,11,6,control,0,7,0.0
8,11,6,control,0,8,0.5
9,11,6,control,0,9,1.0
10,11,6,control,0,10,1.0
11,11,6,control,0,11,1.0
12,11,6,control,0,12,1.0
13,11,6,control,0,13,1.0
14,11,6,control,0,14,1.0
0,11,7,control,1,0,0.25
1,11,7,control,1,1,0.3333333333333333
2,11,7,control,1,2,0.5
3,11,7,control,1,3,1.0
4,11,7,control,1,4,1.0
5,11,7,control,1,5,1.0
6,11,7,control,1,6,1.0
7,11,7,control,1,7,1.0
8,11,7,control,1,8,1.0
9,11,7,control,1,9,1.0
10,11,7,control,1,10,1.0
11,11,7,control,1,11,1.0
12,11,7,control,1,12,1.0
13,11,7,control,1,13,1.0
14,11,7,control,1,14,1.0
0,11,8,control,0,0,0.25
1,11,8,control,0,1,0.3333333333333333
2,11,8,control,0,2,1.0
3,11,8,control,0,3,1.0
4,11,8,control,0,4,0.0
5,11,8,control,0,5,1.0
6,11,8,control,0,6,1.0
7,11,8,control,0,7,1.0
8,11,8,control,0,8,1.0
9,11,8,control,0,9,0.0
10,11,8,control,0,10,1.0
11,11,8,control,0,11,1.0
12,11,8,control,0,12,1.0
13,11,8,control,0,13,1.0
14,11,8,control,0,14,1.0
0,11,9,control,1,0,0.25
1,11,9,control,1,1,1.0
2,11,9,control,1,2,0.0
3,11,9,control,1,3,0.0
4,11,9,control,1,4,0.3333333333333333
5,11,9,control,1,5,1.0
6,11,9,control,1,6,1.0
7,11,9,control,1,7,0.0
8,11,9,control,1,8,0.5
9,11,9,control,1,9,1.0
10,11,9,control,1,10,1.0
11,11,9,control,1,11,1.0
12,11,9,control,1,12,1.0
13,11,9,control,1,13,1.0
14,11,9,control,1,14,1.0
0,11,10,control,0,0,0.25
1,11,10,control,0,1,0.0
2,11,10,control,0,2,0.5
3,11,10,control,0,3,1.0
4,11,10,control,0,4,1.0
5,11,10,control,0,5,1.0
6,11,10,control,0,6,1.0
7,11,10,control,0,7,1.0
8,11,10,control,0,8,1.0
9,11,10,control,0,9,1.0
10,11,10,control,0,10,1.0
11,11,10,control,0,11,1.0
12,11,10,control,0,12,1.0
13,11,10,control,0,13,1.0
14,11,10,control,0,14,1.0
0,11,11,control,1,0,0.25
1,11,11,control,1,1,1.0
2,11,11,control,1,2,1.0
3,11,11,control,1,3,0.0
4,11,11,control,1,4,1.0
5,11,11,control,1,5,1.0
6,11,11,control,1,6,1.0
7,11,11,control,1,7,1.0
8,11,11,control,1,8,1.0
9,11,11,control,1,9,1.0
10,11,11,control,1,10,1.0
11,11,11,control,1,11,1.0
12,11,11,control,1,12,1.0
13,11,11,control,1,13,1.0
14,11,11,control,1,14,1.0
0,11,12,control,0,0,0.25
1,11,12,control,0,1,0.3333333333333333
2,11,12,control,0,2,0.5
3,11,12,control,0,3,1.0
4,11,12,control,0,4,0.25
5,11,12,control,0,5,0.3333333333333333
6,11,12,control,0,6,0.5
7,11,12,control,0,7,1.0
8,11,12,control,0,8,1.0
9,11,12,control,0,9,1.0
10,11,12,control,0,10,1.0
11,11,12,control,0,11,1.0
12,11,12,control,0,12,1.0
13,11,12,control,0,13,1.0
14,11,12,control,0,14,1.0
0,11,13,control,1,0,0.25
1,11,13,control,1,1,1.0
2,11,13,control,1,2,0.0
3,11,13,control,1,3,0.3333333333333333
4,11,13,control,1,4,1.0
5,11,13,control,1,5,0.0
6,11,13,control,1,6,0.5
7,11,13,control,1,7,1.0
8,11,13,control,1,8,1.0
9,11,13,control,1,9,1.0
10,11,13,control,1,10,1.0
11,11,13,control,1,11,1.0
12,11,13,control,1,12,1.0
13,11,13,control,1,13,1.0
14,11,13,control,1,14,0.0
0,11,14,control,0,0,0.25
1,11,14,control,0,1,0.3333333333333333
2,11,14,control,0,2,0.5
3,11,14,control,0,3,1.0
4,11,14,control,0,4,1.0
5,11,14,control,0,5,0.0
6,11,14,control,0,6,0.0
7,11,14,control,0,7,0.0
8,11,14,control,0,8,1.0
9,11,14,control,0,9,1.0
10,11,14,control,0,10,1.0
11,11,14,control,0,11,1.0
12,11,14,control,0,12,1.0
13,11,14,control,0,13,1.0
14,11,14,control,0,14,1.0
0,11,15,control,1,0,0.25
1,11,15,control,1,1,1.0
2,11,15,control,1,2,1.0
3,11,15,control,1,3,0.3333333333333333
4,11,15,control,1,4,1.0
5,11,15,control,1,5,1.0
6,11,15,control,1,6,1.0
7,11,15,control,1,7,0.0
8,11,15,control,1,8,0.0
9,11,15,control,1,9,0.0
10,11,15,control,1,10,0.0
11,11,15,control,1,11,1.0
12,11,15,control,1,12,1.0
13,11,15,control,1,13,1.0
14,11,15,control,1,14,1.0
0,11,16,control,0,0,0.25
1,11,16,control,0,1,1.0
2,11,16,control,0,2,0.0
3,11,16,control,0,3,0.3333333333333333
4,11,16,control,0,4,0.0
5,11,16,control,0,5,0.5
6,11,16,control,0,6,1.0
7,11,16,control,0,7,1.0
8,11,16,control,0,8,1.0
9,11,16,control,0,9,1.0
10,11,16,control,0,10,1.0
11,11,16,control,0,11,1.0
12,11,16,control,0,12,1.0
13,11,16,control,0,13,1.0
14,11,16,control,0,14,1.0
0,11,17,control,1,0,0.25
1,11,17,control,1,1,0.3333333333333333
2,11,17,control,1,2,0.5
3,11,17,control,1,3,1.0
4,11,17,control,1,4,1.0
5,11,17,control,1,5,0.0
6,11,17,control,1,6,1.0
7,11,17,control,1,7,1.0
8,11,17,control,1,8,1.0
9,11,17,control,1,9,1.0
10,11,17,control,1,10,1.0
11,11,17,control,1,11,1.0
12,11,17,control,1,12,1.0
13,11,17,control,1,13,1.0
14,11,17,control,1,14,1.0
0,11,18,control,1,0,0.25
1,11,18,control,1,1,1.0
2,11,18,control,1,2,1.0
3,11,18,control,1,3,1.0
4,11,18,control,1,4,1.0
5,11,18,control,1,5,1.0
6,11,18,control,1,6,1.0
7,11,18,control,1,7,1.0
8,11,18,control,1,8,1.0
9,11,18,control,1,9,1.0
10,11,18,control,1,10,1.0
11,11,18,control,1,11,1.0
12,11,18,control,1,12,1.0
13,11,18,control,1,13,1.0
14,11,18,control,1,14,1.0
0,11,19,control,0,0,0.25
1,11,19,control,0,1,0.0
2,11,19,control,0,2,0.5
3,11,19,control,0,3,0.0
4,11,19,control,0,4,0.5
5,11,19,control,0,5,0.0
6,11,19,control,0,6,0.5
7,11,19,control,0,7,0.0
8,11,19,control,0,8,1.0
9,11,19,control,0,9,0.0
10,11,19,control,0,10,1.0
11,11,19,control,0,11,0.0
12,11,19,control,0,12,1.0
13,11,19,control,0,13,0.0
14,11,19,control,0,14,1.0
0,12,0,control,0,0,0.25
1,12,0,control,0,1,0.0
2,12,0,control,0,2,1.0
3,12,0,control,0,3,1.0
4,12,0,control,0,4,1.0
5,12,0,control,0,5,1.0
6,12,0,control,0,6,0.0
7,12,0,control,0,7,1.0
8,12,0,control,0,8,0.0
9,12,0,control,0,9,0.0
10,12,0,control,0,10,1.0
11,12,0,control,0,11,1.0
12,12,0,control,0,12,0.0
13,12,0,control,0,13,1.0
14,12,0,control,0,14,0.0
0,12,1,control,1,0,0.25
1,12,1,control,1,1,0.0
2,12,1,control,1,2,0.5
3,12,1,control,1,3,1.0
4,12,1,control,1,4,0.5
5,12,1,control,1,5,0.0
6,12,1,control,1,6,1.0
7,12,1,control,1,7,0.0
8,12,1,control,1,8,0.5
9,12,1,control,1,9,0.0
10,12,1,control,1,10,1.0
11,12,1,control,1,11,0.0
12,12,1,control,1,12,1.0
13,12,1,control,1,13,0.0
14,12,1,control,1,14,1.0
0,12,2,control,0,0,0.25
1,12,2,control,0,1,0.3333333333333333
2,12,2,control,0,2,0.5
3,12,2,control,0,3,1.0
4,12,2,control,0,4,1.0
5,12,2,control,0,5,1.0
6,12,2,control,0,6,1.0
7,12,2,control,0,7,1.0
8,12,2,control,0,8,1.0
9,12,2,control,0,9,1.0
10,12,2,control,0,10,1.0
11,12,2,control,0,11,1.0
12,12,2,control,0,12,1.0
13,12,2,control,0,13,1.0
14,12,2,control,0,14,1.0
0,12,3,control,1,0,0.25
1,12,3,control,1,1,1.0
2,12,3,control,1,2,1.0
3,12,3,control,1,3,0.0
4,12,3,control,1,4,1.0
5,12,3,control,1,5,1.0
6,12,3,control,1,6,1.0
7,12,3,control,1,7,1.0
8,12,3,control,1,8,1.0
9,12,3,control,1,9,1.0
10,12,3,control,1,10,1.0
11,12,3,control,1,11,1.0
12,12,3,control,1,12,1.0
13,12,3,control,1,13,1.0
14,12,3,control,1,14,1.0
0,12,4,control,0,0,0.25
1,12,4,control,0,1,1.0
2,12,4,control,0,2,1.0
3,12,4,control,0,3,1.0
4,12,4,control,0,4,1.0
5,12,4,control,0,5,1.0
6,12,4,control,0,6,1.0
7,12,4,control,0,7,1.0
8,12,4,control,0,8,1.0
9,12,4,control,0,9,1.0
10,12,4,control,0,10,1.0
11,12,4,control,0,11,0.0
12,12,4,control,0,12,0.0
13,12,4,control,0,13,1.0
14,12,4,control,0,14,1.0
0,12,5,control,1,0,0.25
1,12,5,control,1,1,1.0
2,12,5,control,1,2,1.0
3,12,5,control,1,3,1.0
4,12,5,control,1,4,1.0
5,12,5,control,1,5,1.0
6,12,5,control,1,6,1.0
7,12,5,control,1,7,1.0
8,12,5,control,1,8,1.0
9,12,5,control,1,9,1.0
10,12,5,control,1,10,1.0
11,12,5,control,1,11,1.0
12,12,5,control,1,12,1.0
13,12,5,control,1,13,1.0
14,12,5,control,1,14,1.0
0,12,6,control,0,0,0.25
1,12,6,control,0,1,0.3333333333333333
2,12,6,control,0,2,1.0
3,12,6,control,0,3,1.0
4,12,6,control,0,4,1.0
5,12,6,control,0,5,1.0
6,12,6,control,0,6,1.0
7,12,6,control,0,7,1.0
8,12,6,control,0,8,1.0
9,12,6,control,0,9,1.0
10,12,6,control,0,10,1.0
11,12,6,control,0,11,1.0
12,12,6,control,0,12,1.0
13,12,6,control,0,13,1.0
14,12,6,control,0,14,1.0
0,12,7,control,1,0,0.25
1,12,7,control,1,1,1.0
2,12,7,control,1,2,1.0
3,12,7,control,1,3,0.0
4,12,7,control,1,4,1.0
5,12,7,control,1,5,1.0
6,12,7,control,1,6,1.0
7,12,7,control,1,7,0.0
8,12,7,control,1,8,0.3333333333333333
9,12,7,control,1,9,0.5
10,12,7,control,1,10,1.0
11,12,7,control,1,11,1.0
12,12,7,control,1,12,1.0
13,12,7,control,1,13,1.0
14,12,7,control,1,14,1.0
0,12,8,control,0,0,0.25
1,12,8,control,0,1,0.3333333333333333
2,12,8,control,0,2,1.0
3,12,8,control,0,3,0.5
4,12,8,control,0,4,1.0
5,12,8,control,0,5,1.0
6,12,8,control,0,6,1.0
7,12,8,control,0,7,1.0
8,12,8,control,0,8,1.0
9,12,8,control,0,9,1.0
10,12,8,control,0,10,1.0
11,12,8,control,0,11,1.0
12,12,8,control,0,12,1.0
13,12,8,control,0,13,0.0
14,12,8,control,0,14,0.0
0,12,9,control,1,0,0.25
1,12,9,control,1,1,0.3333333333333333
2,12,9,control,1,2,1.0
3,12,9,control,1,3,1.0
4,12,9,control,1,4,0.5
5,12,9,control,1,5,1.0
6,12,9,control,1,6,1.0
7,12,9,control,1,7,1.0
8,12,9,control,1,8,1.0
9,12,9,control,1,9,1.0
10,12,9,control,1,10,1.0
11,12,9,control,1,11,1.0
12,12,9,control,1,12,1.0
13,12,9,control,1,13,1.0
14,12,9,control,1,14,0.0
0,12,10,control,0,0,0.25
1,12,10,control,0,1,1.0
2,12,10,control,0,2,1.0
3,12,10,control,0,3,0.0
4,12,10,control,0,4,1.0
5,12,10,control,0,5,1.0
6,12,10,control,0,6,1.0
7,12,10,control,0,7,1.0
8,12,10,control,0,8,1.0
9,12,10,control,0,9,1.0
10,12,10,control,0,10,1.0
11,12,10,control,0,11,1.0
12,12,10,control,0,12,1.0
13,12,10,control,0,13,1.0
14,12,10,control,0,14,1.0
0,12,11,control,1,0,0.25
1,12,11,control,1,1,1.0
2,12,11,control,1,2,1.0
3,12,11,control,1,3,1.0
4,12,11,control,1,4,1.0
5,12,11,control,1,5,1.0
6,12,11,control,1,6,1.0
7,12,11,control,1,7,1.0
8,12,11,control,1,8,1.0
9,12,11,control,1,9,1.0
10,12,11,control,1,10,1.0
11,12,11,control,1,11,1.0
12,12,11,control,1,12,1.0
13,12,11,control,1,13,1.0
14,12,11,control,1,14,1.0
0,12,12,control,0,0,0.25
1,12,12,control,0,1,0.3333333333333333
2,12,12,control,0,2,0.5
3,12,12,control,0,3,1.0
4,12,12,control,0,4,1.0
5,12,12,control,0,5,1.0
6,12,12,control,0,6,1.0
7,12,12,control,0,7,1.0
8,12,12,control,0,8,1.0
9,12,12,control,0,9,1.0
10,12,12,control,0,10,1.0
11,12,12,control,0,11,1.0
12,12,12,control,0,12,1.0
13,12,12,control,0,13,1.0
14,12,12,control,0,14,1.0
0,12,13,control,1,0,0.25
1,12,13,control,1,1,0.3333333333333333
2,12,13,control,1,2,0.5
3,12,13,control,1,3,1.0
4,12,13,control,1,4,0.25
5,12,13,control,1,5,0.3333333333333333
6,12,13,control,1,6,0.5
7,12,13,control,1,7,1.0
8,12,13,control,1,8,1.0
9,12,13,control,1,9,1.0
10,12,13,control,1,10,1.0
11,12,13,control,1,11,1.0
12,12,13,control,1,12,1.0
13,12,13,control,1,13,1.0
14,12,13,control,1,14,1.0
0,12,14,control,0,0,0.25
1,12,14,control,0,1,0.3333333333333333
2,12,14,control,0,2,0.5
3,12,14,control,0,3,1.0
4,12,14,control,0,4,0.25
5,12,14,control,0,5,0.3333333333333333
6,12,14,control,0,6,1.0
7,12,14,control,0,7,0.0
8,12,14,control,0,8,1.0
9,12,14,control,0,9,1.0
10,12,14,control,0,10,0.5
11,12,14,control,0,11,0.0
12,12,14,control,0,12,1.0
13,12,14,control,0,13,0.0
14,12,14,control,0,14,1.0
0,12,15,control,1,0,0.25
1,12,15,control,1,1,1.0
2,12,15,control,1,2,1.0
3,12,15,control,1,3,0.0
4,12,15,control,1,4,0.0
5,12,15,control,1,5,0.0
6,12,15,control,1,6,0.0
7,12,15,control,1,7,0.0
8,12,15,control,1,8,0.0
9,12,15,control,1,9,0.0
10,12,15,control,1,10,0.0
11,12,15,control,1,11,0.3333333333333333
12,12,15,control,1,12,0.0
13,12,15,control,1,13,1.0
14,12,15,control,1,14,1.0
0,12,16,control,0,0,0.25
1,12,16,control,0,1,1.0
2,12,16,control,0,2,0.0
3,12,16,control,0,3,0.3333333333333333
4,12,16,control,0,4,1.0
5,12,16,control,0,5,0.5
6,12,16,control,0,6,1.0
7,12,16,control,0,7,1.0
8,12,16,control,0,8,0.5
9,12,16,control,0,9,0.0
10,12,16,control,0,10,1.0
11,12,16,control,0,11,0.0
12,12,16,control,0,12,0.0
13,12,16,control,0,13,0.5
14,12,16,control,0,14,1.0
0,12,17,control,1,0,0.25
1,12,17,control,1,1,1.0
2,12,17,control,1,2,1.0
3,12,17,control,1,3,1.0
4,12,17,control,1,4,1.0
5,12,17,control,1,5,1.0
6,12,17,control,1,6,1.0
7,12,17,control,1,7,1.0
8,12,17,control,1,8,1.0
9,12,17,control,1,9,1.0
10,12,17,control,1,10,1.0
11,12,17,control,1,11,1.0
12,12,17,control,1,12,1.0
13,12,17,control,1,13,1.0
14,12,17,control,1,14,1.0
0,12,18,control,0,0,0.25
1,12,18,control,0,1,0.3333333333333333
2,12,18,control,0,2,1.0
3,12,18,control,0,3,1.0
4,12,18,control,0,4,0.5
5,12,18,control,0,5,1.0
6,12,18,control,0,6,1.0
7,12,18,control,0,7,1.0
8,12,18,control,0,8,1.0
9,12,18,control,0,9,1.0
10,12,18,control,0,10,1.0
11,12,18,control,0,11,1.0
12,12,18,control,0,12,1.0
13,12,18,control,0,13,1.0
14,12,18,control,0,14,1.0
0,12,19,control,1,0,0.25
1,12,19,control,1,1,1.0
2,12,19,control,1,2,1.0
3,12,19,control,1,3,0.0
4,12,19,control,1,4,1.0
5,12,19,control,1,5,1.0
6,12,19,control,1,6,1.0
7,12,19,control,1,7,1.0
8,12,19,control,1,8,1.0
9,12,19,control,1,9,1.0
10,12,19,control,1,10,1.0
11,12,19,control,1,11,1.0
12,12,19,control,1,12,1.0
13,12,19,control,1,13,1.0
14,12,19,control,1,14,1.0
0,16,0,control,0,0,0.25
1,16,0,control,0,1,0.0
2,16,0,control,0,2,0.5
3,16,0,control,0,3,0.0
4,16,0,control,0,4,1.0
5,16,0,control,0,5,0.0
6,16,0,control,0,6,1.0
7,16,0,control,0,7,0.0
8,16,0,control,0,8,1.0
9,16,0,control,0,9,0.0
10,16,0,control,0,10,0.0
11,16,0,control,0,11,0.0
12,16,0,control,0,12,0.0
13,16,0,control,0,13,0.0
14,16,0,control,0,14,0.0
0,16,1,control,1,0,0.25
1,16,1,control,1,1,1.0
2,16,1,control,1,2,0.0
3,16,1,control,1,3,1.0
4,16,1,control,1,4,0.0
5,16,1,control,1,5,1.0
6,16,1,control,1,6,1.0
7,16,1,control,1,7,0.0
8,16,1,control,1,8,0.0
9,16,1,control,1,9,1.0
10,16,1,control,1,10,0.0
11,16,1,control,1,11,0.0
12,16,1,control,1,12,0.0
13,16,1,control,1,13,0.0
14,16,1,control,1,14,1.0
0,16,2,control,0,0,0.25
1,16,2,control,0,1,0.0
2,16,2,control,0,2,0.5
3,16,2,control,0,3,1.0
4,16,2,control,0,4,0.0
5,16,2,control,0,5,0.0
6,16,2,control,0,6,0.0
7,16,2,control,0,7,0.0
8,16,2,control,0,8,0.0
9,16,2,control,0,9,0.0
10,16,2,control,0,10,0.5
11,16,2,control,0,11,1.0
12,16,2,control,0,12,0.0
13,16,2,control,0,13,0.0
14,16,2,control,0,14,1.0
0,16,3,control,1,0,0.25
1,16,3,control,1,1,0.0
2,16,3,control,1,2,0.3333333333333333
3,16,3,control,1,3,0.0
4,16,3,control,1,4,0.0
5,16,3,control,1,5,0.0
6,16,3,control,1,6,0.0
7,16,3,control,1,7,0.0
8,16,3,control,1,8,0.0
9,16,3,control,1,9,0.0
10,16,3,control,1,10,0.0
11,16,3,control,1,11,0.0
12,16,3,control,1,12,0.0
13,16,3,control,1,13,1.0
14,16,3,control,1,14,0.0
0,16,4,control,0,0,0.25
1,16,4,control,0,1,1.0
2,16,4,control,0,2,0.3333333333333333
3,16,4,control,0,3,0.0
4,16,4,control,0,4,0.5
5,16,4,control,0,5,0.0
6,16,4,control,0,6,0.0
7,16,4,control,0,7,0.0
8,16,4,control,0,8,1.0
9,16,4,control,0,9,1.0
10,16,4,control,0,10,0.0
11,16,4,control,0,11,0.0
12,16,4,control,0,12,1.0
13,16,4,control,0,13,0.0
14,16,4,control,0,14,0.0
0,16,5,control,1,0,0.25
1,16,5,control,1,1,0.3333333333333333
2,16,5,control,1,2,1.0
3,16,5,control,1,3,0.0
4,16,5,control,1,4,0.0
5,16,5,control,1,5,0.0
6,16,5,control,1,6,0.0
7,16,5,control,1,7,0.5
8,16,5,control,1,8,1.0
9,16,5,control,1,9,1.0
10,16,5,control,1,10,0.0
11,16,5,control,1,11,0.0
12,16,5,control,1,12,0.0
13,16,5,control,1,13,1.0
14,16,5,control,1,14,1.0
0,16,6,control,0,0,0.25
1,16,6,control,0,1,0.0
2,16,6,control,0,2,0.3333333333333333
3,16,6,control,0,3,0.0
4,16,6,control,0,4,0.0
5,16,6,control,0,5,0.5
6,16,6,control,0,6,1.0
7,16,6,control,0,7,0.0
8,16,6,control,0,8,0.3333333333333333
9,16,6,control,0,9,0.0
10,16,6,control,0,10,0.0
11,16,6,control,0,11,0.0
12,16,6,control,0,12,1.0
13,16,6,control,0,13,0.0
14,16,6,control,0,14,1.0
0,16,7,control,1,0,0.25
1,16,7,control,1,1,0.3333333333333333
2,16,7,control,1,2,0.0
3,16,7,control,1,3,1.0
4,16,7,control,1,4,1.0
5,16,7,control,1,5,0.0
6,16,7,control,1,6,0.0
7,16,7,control,1,7,0.0
8,16,7,control,1,8,0.0
9,16,7,control,1,9,0.0
10,16,7,control,1,10,0.0
11,16,7,control,1,11,1.0
12,16,7,control,1,12,1.0
13,16,7,control,1,13,0.0
14,16,7,control,1,14,0.0
0,16,8,control,0,0,0.25
1,16,8,control,0,1,0.3333333333333333
2,16,8,control,0,2,0.5
3,16,8,control,0,3,0.0
4,16,8,control,0,4,0.0
5,16,8,control,0,5,1.0
6,16,8,control,0,6,0.3333333333333333
7,16,8,control,0,7,1.0
8,16,8,control,0,8,1.0
9,16,8,control,0,9,1.0
10,16,8,control,0,10,1.0
11,16,8,control,0,11,0.0
12,16,8,control,0,12,0.0
13,16,8,control,0,13,0.0
14,16,8,control,0,14,1.0
0,16,9,control,1,0,0.25
1,16,9,control,1,1,0.3333333333333333
2,16,9,control,1,2,0.0
3,16,9,control,1,3,0.0
4,16,9,control,1,4,0.5
5,16,9,control,1,5,1.0
6,16,9,control,1,6,0.0
7,16,9,control,1,7,0.0
8,16,9,control,1,8,0.0
9,16,9,control,1,9,1.0
10,16,9,control,1,10,0.0
11,16,9,control,1,11,1.0
12,16,9,control,1,12,0.0
13,16,9,control,1,13,1.0
14,16,9,control,1,14,0.0
0,16,10,control,0,0,0.25
1,16,10,control,0,1,1.0
2,16,10,control,0,2,0.3333333333333333
3,16,10,control,0,3,0.0
4,16,10,control,0,4,0.0
5,16,10,control,0,5,0.0
6,16,10,control,0,6,0.0
7,16,10,control,0,7,0.0
8,16,10,control,0,8,1.0
9,16,10,control,0,9,0.5
10,16,10,control,0,10,0.0
11,16,10,control,0,11,1.0
12,16,10,control,0,12,0.0
13,16,10,control,0,13,0.0
14,16,10,control,0,14,0.0
0,16,11,control,1,0,0.25
1,16,11,control,1,1,0.3333333333333333
2,16,11,control,1,2,0.0
3,16,11,control,1,3,1.0
4,16,11,control,1,4,0.0
5,16,11,control,1,5,1.0
6,16,11,control,1,6,0.0
7,16,11,control,1,7,1.0
8,16,11,control,1,8,1.0
9,16,11,control,1,9,0.0
10,16,11,control,1,10,1.0
11,16,11,control,1,11,0.0
12,16,11,control,1,12,0.0
13,16,11,control,1,13,0.0
14,16,11,control,1,14,1.0
0,16,12,control,0,0,0.25
1,16,12,control,0,1,0.3333333333333333
2,16,12,control,0,2,0.5
3,16,12,control,0,3,0.0
4,16,12,control,0,4,1.0
5,16,12,control,0,5,0.0
6,16,12,control,0,6,1.0
7,16,12,control,0,7,0.0
8,16,12,control,0,8,1.0
9,16,12,control,0,9,1.0
10,16,12,control,0,10,1.0
11,16,12,control,0,11,1.0
12,16,12,control,0,12,1.0
13,16,12,control,0,13,0.0
14,16,12,control,0,14,0.0
0,16,13,control,1,0,0.25
1,16,13,control,1,1,0.0
2,16,13,control,1,2,1.0
3,16,13,control,1,3,0.0
4,16,13,control,1,4,0.0
5,16,13,control,1,5,1.0
6,16,13,control,1,6,0.0
7,16,13,control,1,7,0.0
8,16,13,control,1,8,0.0
9,16,13,control,1,9,1.0
10,16,13,control,1,10,0.0
11,16,13,control,1,11,0.0
12,16,13,control,1,12,0.0
13,16,13,control,1,13,0.0
14,16,13,control,1,14,1.0
0,16,14,control,0,0,0.25
1,16,14,control,0,1,0.0
2,16,14,control,0,2,0.0
3,16,14,control,0,3,0.3333333333333333
4,16,14,control,0,4,0.5
5,16,14,control,0,5,0.0
6,16,14,control,0,6,1.0
7,16,14,control,0,7,1.0
8,16,14,control,0,8,1.0
9,16,14,control,0,9,0.0
10,16,14,control,0,10,0.0
11,16,14,control,0,11,0.0
12,16,14,control,0,12,1.0
13,16,14,control,0,13,0.0
14,16,14,control,0,14,0.0
0,16,15,control,1,0,0.25
1,16,15,control,1,1,1.0
2,16,15,control,1,2,1.0
3,16,15,control,1,3,0.0
4,16,15,control,1,4,1.0
5,16,15,control,1,5,1.0
6,16,15,control,1,6,0.0
7,16,15,control,1,7,0.0
8,16,15,control,1,8,0.0
9,16,15,control,1,9,1.0
10,16,15,control,1,10,0.0
11,16,15,control,1,11,1.0
12,16,15,control,1,12,0.0
13,16,15,control,1,13,0.5
14,16,15,control,1,14,0.0
0,16,16,control,0,0,0.25
1,16,16,control,0,1,1.0
2,16,16,control,0,2,0.3333333333333333
3,16,16,control,0,3,1.0
4,16,16,control,0,4,0.5
5,16,16,control,0,5,0.0
6,16,16,control,0,6,1.0
7,16,16,control,0,7,0.0
8,16,16,control,0,8,1.0
9,16,16,control,0,9,0.0
10,16,16,control,0,10,1.0
11,16,16,control,0,11,0.0
12,16,16,control,0,12,0.0
13,16,16,control,0,13,0.0
14,16,16,control,0,14,1.0
0,16,17,control,1,0,0.25
1,16,17,control,1,1,0.3333333333333333
2,16,17,control,1,2,0.0
3,16,17,control,1,3,1.0
4,16,17,control,1,4,0.0
5,16,17,control,1,5,0.5
6,16,17,control,1,6,0.0
7,16,17,control,1,7,0.0
8,16,17,control,1,8,0.0
9,16,17,control,1,9,0.0
10,16,17,control,1,10,0.0
11,16,17,control,1,11,0.5
12,16,17,control,1,12,0.0
13,16,17,control,1,13,1.0
14,16,17,control,1,14,0.0
0,16,18,control,0,0,0.25
1,16,18,control,0,1,0.0
2,16,18,control,0,2,0.3333333333333333
3,16,18,control,0,3,0.0
4,16,18,control,0,4,0.5
5,16,18,control,0,5,0.0
6,16,18,control,0,6,1.0
7,16,18,control,0,7,0.0
8,16,18,control,0,8,1.0
9,16,18,control,0,9,0.0
10,16,18,control,0,10,0.0
11,16,18,control,0,11,0.0
12,16,18,control,0,12,1.0
13,16,18,control,0,13,1.0
14,16,18,control,0,14,0.0
0,16,19,control,1,0,0.25
1,16,19,control,1,1,1.0
2,16,19,control,1,2,1.0
3,16,19,control,1,3,0.3333333333333333
4,16,19,control,1,4,0.0
5,16,19,control,1,5,1.0
6,16,19,control,1,6,1.0
7,16,19,control,1,7,1.0
8,16,19,control,1,8,0.0
9,16,19,control,1,9,0.5
10,16,19,control,1,10,0.0
11,16,19,control,1,11,0.0
12,16,19,control,1,12,0.0
13,16,19,control,1,13,0.5
14,16,19,control,1,14,0.0
0,14,0,control,0,0,0.25
1,14,0,control,0,1,1.0
2,14,0,control,0,2,0.0
3,14,0,control,0,3,0.0
4,14,0,control,0,4,0.0
5,14,0,control,0,5,0.0
6,14,0,control,0,6,1.0
7,14,0,control,0,7,1.0
8,14,0,control,0,8,0.0
9,14,0,control,0,9,1.0
10,14,0,control,0,10,0.0
11,14,0,control,0,11,1.0
12,14,0,control,0,12,1.0
13,14,0,control,0,13,1.0
14,14,0,control,0,14,1.0
0,14,1,control,1,0,0.25
1,14,1,control,1,1,1.0
2,14,1,control,1,2,0.0
3,14,1,control,1,3,0.3333333333333333
4,14,1,control,1,4,0.0
5,14,1,control,1,5,0.0
6,14,1,control,1,6,0.0
7,14,1,control,1,7,1.0
8,14,1,control,1,8,0.0
9,14,1,control,1,9,1.0
10,14,1,control,1,10,0.0
11,14,1,control,1,11,0.0
12,14,1,control,1,12,1.0
13,14,1,control,1,13,0.0
14,14,1,control,1,14,0.5
0,14,2,control,0,0,0.25
1,14,2,control,0,1,1.0
2,14,2,control,0,2,1.0
3,14,2,control,0,3,0.0
4,14,2,control,0,4,0.0
5,14,2,control,0,5,0.0
6,14,2,control,0,6,0.0
7,14,2,control,0,7,0.0
8,14,2,control,0,8,1.0
9,14,2,control,0,9,0.0
10,14,2,control,0,10,1.0
11,14,2,control,0,11,1.0
12,14,2,control,0,12,1.0
13,14,2,control,0,13,1.0
14,14,2,control,0,14,1.0
0,14,3,control,1,0,0.25
1,14,3,control,1,1,1.0
2,14,3,control,1,2,0.0
3,14,3,control,1,3,0.3333333333333333
4,14,3,control,1,4,0.0
5,14,3,control,1,5,1.0
6,14,3,control,1,6,0.0
7,14,3,control,1,7,0.5
8,14,3,control,1,8,0.0
9,14,3,control,1,9,1.0
10,14,3,control,1,10,0.0
11,14,3,control,1,11,0.0
12,14,3,control,1,12,0.0
13,14,3,control,1,13,1.0
14,14,3,control,1,14,0.0
0,14,4,control,0,0,0.25
1,14,4,control,0,1,1.0
2,14,4,control,0,2,1.0
3,14,4,control,0,3,0.0
4,14,4,control,0,4,0.3333333333333333
5,14,4,control,0,5,1.0
6,14,4,control,0,6,0.0
7,14,4,control,0,7,0.0
8,14,4,control,0,8,0.0
9,14,4,control,0,9,0.0
10,14,4,control,0,10,1.0
11,14,4,control,0,11,0.0
12,14,4,control,0,12,0.0
13,14,4,control,0,13,1.0
14,14,4,control,0,14,1.0
0,14,5,control,1,0,0.25
1,14,5,control,1,1,0.3333333333333333
2,14,5,control,1,2,0.0
3,14,5,control,1,3,0.0
4,14,5,control,1,4,0.0
5,14,5,control,1,5,0.5
6,14,5,control,1,6,0.0
7,14,5,control,1,7,0.0
8,14,5,control,1,8,0.0
9,14,5,control,1,9,0.0
10,14,5,control,1,10,0.0
11,14,5,control,1,11,0.0
12,14,5,control,1,12,0.0
13,14,5,control,1,13,0.0
14,14,5,control,1,14,0.5
0,14,6,control,0,0,0.25
1,14,6,control,0,1,1.0
2,14,6,control,0,2,1.0
3,14,6,control,0,3,1.0
4,14,6,control,0,4,0.0
5,14,6,control,0,5,1.0
6,14,6,control,0,6,0.0
7,14,6,control,0,7,0.0
8,14,6,control,0,8,1.0
9,14,6,control,0,9,0.0
10,14,6,control,0,10,1.0
11,14,6,control,0,11,1.0
12,14,6,control,0,12,1.0
13,14,6,control,0,13,1.0
14,14,6,control,0,14,1.0
0,14,7,control,1,0,0.25
1,14,7,control,1,1,0.3333333333333333
2,14,7,control,1,2,1.0
3,14,7,control,1,3,0.0
4,14,7,control,1,4,0.0
5,14,7,control,1,5,1.0
6,14,7,control,1,6,0.0
7,14,7,control,1,7,1.0
8,14,7,control,1,8,1.0
9,14,7,control,1,9,1.0
10,14,7,control,1,10,0.0
11,14,7,control,1,11,0.0
12,14,7,control,1,12,0.0
13,14,7,control,1,13,0.0
14,14,7,control,1,14,0.0
0,14,8,control,0,0,0.25
1,14,8,control,0,1,0.0
2,14,8,control,0,2,0.3333333333333333
3,14,8,control,0,3,0.0
4,14,8,control,0,4,0.5
5,14,8,control,0,5,1.0
6,14,8,control,0,6,1.0
7,14,8,control,0,7,1.0
8,14,8,control,0,8,0.0
9,14,8,control,0,9,1.0
10,14,8,control,0,10,1.0
11,14,8,control,0,11,1.0
12,14,8,control,0,12,0.0
13,14,8,control,0,13,0.0
14,14,8,control,0,14,0.0
0,14,9,control,1,0,0.25
1,14,9,control,1,1,0.0
2,14,9,control,1,2,1.0
3,14,9,control,1,3,1.0
4,14,9,control,1,4,1.0
5,14,9,control,1,5,1.0
6,14,9,control,1,6,1.0
7,14,9,control,1,7,1.0
8,14,9,control,1,8,1.0
9,14,9,control,1,9,0.0
10,14,9,control,1,10,0.0
11,14,9,control,1,11,0.0
12,14,9,control,1,12,0.0
13,14,9,control,1,13,1.0
14,14,9,control,1,14,1.0
0,14,10,control,0,0,0.25
1,14,10,control,0,1,0.0
2,14,10,control,0,2,0.5
3,14,10,control,0,3,0.0
4,14,10,control,0,4,0.5
5,14,10,control,0,5,0.0
6,14,10,control,0,6,1.0
7,14,10,control,0,7,0.0
8,14,10,control,0,8,1.0
9,14,10,control,0,9,0.0
10,14,10,control,0,10,1.0
11,14,10,control,0,11,0.0
12,14,10,control,0,12,0.5
13,14,10,control,0,13,1.0
14,14,10,control,0,14,0.5
0,14,11,control,1,0,0.25
1,14,11,control,1,1,1.0
2,14,11,control,1,2,1.0
3,14,11,control,1,3,1.0
4,14,11,control,1,4,1.0
5,14,11,control,1,5,1.0
6,14,11,control,1,6,1.0
7,14,11,control,1,7,1.0
8,14,11,control,1,8,1.0
9,14,11,control,1,9,0.0
10,14,11,control,1,10,0.0
11,14,11,control,1,11,0.0
12,14,11,control,1,12,1.0
13,14,11,control,1,13,1.0
14,14,11,control,1,14,1.0
0,14,12,control,0,0,0.25
1,14,12,control,0,1,0.0
2,14,12,control,0,2,0.3333333333333333
3,14,12,control,0,3,0.0
4,14,12,control,0,4,1.0
5,14,12,control,0,5,0.0
6,14,12,control,0,6,1.0
7,14,12,control,0,7,1.0
8,14,12,control,0,8,1.0
9,14,12,control,0,9,1.0
10,14,12,control,0,10,0.0
11,14,12,control,0,11,1.0
12,14,12,control,0,12,1.0
13,14,12,control,0,13,1.0
14,14,12,control,0,14,1.0
0,14,13,control,1,0,0.25
1,14,13,control,1,1,0.3333333333333333
2,14,13,control,1,2,0.0
3,14,13,control,1,3,0.5
4,14,13,control,1,4,0.0
5,14,13,control,1,5,0.0
6,14,13,control,1,6,0.0
7,14,13,control,1,7,0.0
8,14,13,control,1,8,0.0
9,14,13,control,1,9,0.0
10,14,13,control,1,10,1.0
11,14,13,control,1,11,1.0
12,14,13,control,1,12,1.0
13,14,13,control,1,13,1.0
14,14,13,control,1,14,1.0
0,14,14,control,0,0,0.25
1,14,14,control,0,1,0.3333333333333333
2,14,14,control,0,2,1.0
3,14,14,control,0,3,0.0
4,14,14,control,0,4,0.5
5,14,14,control,0,5,0.0
6,14,14,control,0,6,1.0
7,14,14,control,0,7,0.5
8,14,14,control,0,8,0.0
9,14,14,control,0,9,0.0
10,14,14,control,0,10,0.0
11,14,14,control,0,11,1.0
12,14,14,control,0,12,1.0
13,14,14,control,0,13,0.0
14,14,14,control,0,14,1.0
0,14,15,control,1,0,0.25
1,14,15,control,1,1,0.3333333333333333
2,14,15,control,1,2,0.5
3,14,15,control,1,3,1.0
4,14,15,control,1,4,0.0
5,14,15,control,1,5,0.0
6,14,15,control,1,6,0.0
7,14,15,control,1,7,0.0
8,14,15,control,1,8,0.0
9,14,15,control,1,9,0.0
10,14,15,control,1,10,1.0
11,14,15,control,1,11,0.0
12,14,15,control,1,12,0.0
13,14,15,control,1,13,0.0
14,14,15,control,1,14,0.0
0,14,16,control,0,0,0.25
1,14,16,control,0,1,0.0
2,14,16,control,0,2,1.0
3,14,16,control,0,3,0.5
4,14,16,control,0,4,0.0
5,14,16,control,0,5,0.0
6,14,16,control,0,6,0.0
7,14,16,control,0,7,1.0
8,14,16,control,0,8,0.0
9,14,16,control,0,9,1.0
10,14,16,control,0,10,0.0
11,14,16,control,0,11,1.0
12,14,16,control,0,12,1.0
13,14,16,control,0,13,0.0
14,14,16,control,0,14,1.0
0,14,17,control,1,0,0.25
1,14,17,control,1,1,0.0
2,14,17,control,1,2,0.3333333333333333
3,14,17,control,1,3,1.0
4,14,17,control,1,4,0.0
5,14,17,control,1,5,0.5
6,14,17,control,1,6,0.0
7,14,17,control,1,7,1.0
8,14,17,control,1,8,0.0
9,14,17,control,1,9,1.0
10,14,17,control,1,10,0.0
11,14,17,control,1,11,1.0
12,14,17,control,1,12,0.0
13,14,17,control,1,13,1.0
14,14,17,control,1,14,0.0
0,14,18,control,0,0,0.25
1,14,18,control,0,1,0.3333333333333333
2,14,18,control,0,2,1.0
3,14,18,control,0,3,0.0
4,14,18,control,0,4,0.5
5,14,18,control,0,5,0.0
6,14,18,control,0,6,1.0
7,14,18,control,0,7,0.5
8,14,18,control,0,8,0.0
9,14,18,control,0,9,0.5
10,14,18,control,0,10,0.0
11,14,18,control,0,11,0.0
12,14,18,control,0,12,1.0
13,14,18,control,0,13,0.0
14,14,18,control,0,14,1.0
0,14,19,control,1,0,0.25
1,14,19,control,1,1,0.3333333333333333
2,14,19,control,1,2,0.0
3,14,19,control,1,3,0.5
4,14,19,control,1,4,0.0
5,14,19,control,1,5,1.0
6,14,19,control,1,6,0.0
7,14,19,control,1,7,1.0
8,14,19,control,1,8,0.0
9,14,19,control,1,9,1.0
10,14,19,control,1,10,0.0
11,14,19,control,1,11,1.0
12,14,19,control,1,12,0.0
13,14,19,control,1,13,1.0
14,14,19,control,1,14,0.0
0,9,0,control,0,0,0.25
1,9,0,control,0,1,1.0
2,9,0,control,0,2,0.0
3,9,0,control,0,3,0.0
4,9,0,control,0,4,1.0
5,9,0,control,0,5,1.0
6,9,0,control,0,6,0.0
7,9,0,control,0,7,0.0
8,9,0,control,0,8,0.0
9,9,0,control,0,9,0.0
10,9,0,control,0,10,1.0
11,9,0,control,0,11,0.0
12,9,0,control,0,12,0.0
13,9,0,control,0,13,0.5
14,9,0,control,0,14,1.0
0,9,1,control,1,0,0.25
1,9,1,control,1,1,0.0
2,9,1,control,1,2,0.0
3,9,1,control,1,3,0.0
4,9,1,control,1,4,0.25
5,9,1,control,1,5,0.0
6,9,1,control,1,6,0.3333333333333333
7,9,1,control,1,7,0.5
8,9,1,control,1,8,0.0
9,9,1,control,1,9,0.5
10,9,1,control,1,10,1.0
11,9,1,control,1,11,0.0
12,9,1,control,1,12,0.0
13,9,1,control,1,13,0.0
14,9,1,control,1,14,1.0
0,9,2,control,0,0,0.25
1,9,2,control,0,1,0.3333333333333333
2,9,2,control,0,2,0.0
3,9,2,control,0,3,1.0
4,9,2,control,0,4,1.0
5,9,2,control,0,5,1.0
6,9,2,control,0,6,1.0
7,9,2,control,0,7,0.0
8,9,2,control,0,8,1.0
9,9,2,control,0,9,0.0
10,9,2,control,0,10,1.0
11,9,2,control,0,11,1.0
12,9,2,control,0,12,1.0
13,9,2,control,0,13,1.0
14,9,2,control,0,14,1.0
0,9,3,control,1,0,0.25
1,9,3,control,1,1,1.0
2,9,3,control,1,2,1.0
3,9,3,control,1,3,1.0
4,9,3,control,1,4,1.0
5,9,3,control,1,5,0.0
6,9,3,control,1,6,0.0
7,9,3,control,1,7,0.0
8,9,3,control,1,8,1.0
9,9,3,control,1,9,0.0
10,9,3,control,1,10,0.0
11,9,3,control,1,11,0.0
12,9,3,control,1,12,0.0
13,9,3,control,1,13,0.0
14,9,3,control,1,14,1.0
0,9,4,control,0,0,0.25
1,9,4,control,0,1,1.0
2,9,4,control,0,2,1.0
3,9,4,control,0,3,0.3333333333333333
4,9,4,control,0,4,0.0
5,9,4,control,0,5,0.5
6,9,4,control,0,6,1.0
7,9,4,control,0,7,1.0
8,9,4,control,0,8,1.0
9,9,4,control,0,9,1.0
10,9,4,control,0,10,1.0
11,9,4,control,0,11,1.0
12,9,4,control,0,12,1.0
13,9,4,control,0,13,1.0
14,9,4,control,0,14,1.0
0,9,5,control,1,0,0.25
1,9,5,control,1,1,1.0
2,9,5,control,1,2,0.0
3,9,5,control,1,3,0.0
4,9,5,control,1,4,0.5
5,9,5,control,1,5,1.0
6,9,5,control,1,6,1.0
7,9,5,control,1,7,1.0
8,9,5,control,1,8,1.0
9,9,5,control,1,9,1.0
10,9,5,control,1,10,1.0
11,9,5,control,1,11,0.0
12,9,5,control,1,12,0.0
13,9,5,control,1,13,1.0
14,9,5,control,1,14,0.0
0,9,6,control,0,0,0.25
1,9,6,control,0,1,1.0
2,9,6,control,0,2,1.0
3,9,6,control,0,3,1.0
4,9,6,control,0,4,1.0
5,9,6,control,0,5,1.0
6,9,6,control,0,6,1.0
7,9,6,control,0,7,1.0
8,9,6,control,0,8,0.0
9,9,6,control,0,9,1.0
10,9,6,control,0,10,1.0
11,9,6,control,0,11,0.0
12,9,6,control,0,12,0.0
13,9,6,control,0,13,1.0
14,9,6,control,0,14,1.0
0,9,7,control,1,0,0.25
1,9,7,control,1,1,1.0
2,9,7,control,1,2,0.3333333333333333
3,9,7,control,1,3,0.5
4,9,7,control,1,4,1.0
5,9,7,control,1,5,1.0
6,9,7,control,1,6,0.0
7,9,7,control,1,7,1.0
8,9,7,control,1,8,0.0
9,9,7,control,1,9,1.0
10,9,7,control,1,10,1.0
11,9,7,control,1,11,1.0
12,9,7,control,1,12,0.0
13,9,7,control,1,13,0.0
14,9,7,control,1,14,0.0
0,9,8,control,0,0,0.25
1,9,8,control,0,1,0.3333333333333333
2,9,8,control,0,2,0.5
3,9,8,control,0,3,0.0
4,9,8,control,0,4,0.5
5,9,8,control,0,5,0.0
6,9,8,control,0,6,0.0
7,9,8,control,0,7,1.0
8,9,8,control,0,8,0.25
9,9,8,control,0,9,1.0
10,9,8,control,0,10,0.3333333333333333
11,9,8,control,0,11,0.0
12,9,8,control,0,12,0.5
13,9,8,control,0,13,0.0
14,9,8,control,0,14,0.0
0,9,9,control,1,0,0.25
1,9,9,control,1,1,0.3333333333333333
2,9,9,control,1,2,0.5
3,9,9,control,1,3,0.0
4,9,9,control,1,4,1.0
5,9,9,control,1,5,1.0
6,9,9,control,1,6,0.0
7,9,9,control,1,7,1.0
8,9,9,control,1,8,0.0
9,9,9,control,1,9,1.0
10,9,9,control,1,10,0.0
11,9,9,control,1,11,0.0
12,9,9,control,1,12,1.0
13,9,9,control,1,13,1.0
14,9,9,control,1,14,1.0
0,9,10,control,0,0,0.25
1,9,10,control,0,1,1.0
2,9,10,control,0,2,1.0
3,9,10,control,0,3,0.0
4,9,10,control,0,4,1.0
5,9,10,control,0,5,0.0
6,9,10,control,0,6,1.0
7,9,10,control,0,7,1.0
8,9,10,control,0,8,1.0
9,9,10,control,0,9,1.0
10,9,10,control,0,10,1.0
11,9,10,control,0,11,1.0
12,9,10,control,0,12,1.0
13,9,10,control,0,13,1.0
14,9,10,control,0,14,1.0
0,9,11,control,1,0,0.25
1,9,11,control,1,1,1.0
2,9,11,control,1,2,0.3333333333333333
3,9,11,control,1,3,1.0
4,9,11,control,1,4,1.0
5,9,11,control,1,5,1.0
6,9,11,control,1,6,0.0
7,9,11,control,1,7,0.0
8,9,11,control,1,8,0.0
9,9,11,control,1,9,1.0
10,9,11,control,1,10,0.0
11,9,11,control,1,11,0.0
12,9,11,control,1,12,0.0
13,9,11,control,1,13,1.0
14,9,11,control,1,14,1.0
0,9,12,control,0,0,0.25
1,9,12,control,0,1,0.3333333333333333
2,9,12,control,0,2,1.0
3,9,12,control,0,3,1.0
4,9,12,control,0,4,1.0
5,9,12,control,0,5,1.0
6,9,12,control,0,6,1.0
7,9,12,control,0,7,1.0
8,9,12,control,0,8,0.5
9,9,12,control,0,9,0.0
10,9,12,control,0,10,1.0
11,9,12,control,0,11,0.0
12,9,12,control,0,12,1.0
13,9,12,control,0,13,0.0
14,9,12,control,0,14,0.0
0,9,13,control,1,0,0.25
1,9,13,control,1,1,1.0
2,9,13,control,1,2,0.0
3,9,13,control,1,3,0.3333333333333333
4,9,13,control,1,4,1.0
5,9,13,control,1,5,0.5
6,9,13,control,1,6,1.0
7,9,13,control,1,7,1.0
8,9,13,control,1,8,0.5
9,9,13,control,1,9,1.0
10,9,13,control,1,10,0.3333333333333333
11,9,13,control,1,11,1.0
12,9,13,control,1,12,0.0
13,9,13,control,1,13,0.0
14,9,13,control,1,14,1.0
0,9,14,control,0,0,0.25
1,9,14,control,0,1,1.0
2,9,14,control,0,2,0.3333333333333333
3,9,14,control,0,3,1.0
4,9,14,control,0,4,1.0
5,9,14,control,0,5,1.0
6,9,14,control,0,6,1.0
7,9,14,control,0,7,1.0
8,9,14,control,0,8,1.0
9,9,14,control,0,9,0.0
10,9,14,control,0,10,1.0
11,9,14,control,0,11,1.0
12,9,14,control,0,12,1.0
13,9,14,control,0,13,0.0
14,9,14,control,0,14,1.0
0,9,15,control,1,0,0.25
1,9,15,control,1,1,1.0
2,9,15,control,1,2,0.0
3,9,15,control,1,3,0.0
4,9,15,control,1,4,0.0
5,9,15,control,1,5,1.0
6,9,15,control,1,6,0.0
7,9,15,control,1,7,1.0
8,9,15,control,1,8,0.0
9,9,15,control,1,9,1.0
10,9,15,control,1,10,1.0
11,9,15,control,1,11,1.0
12,9,15,control,1,12,0.0
13,9,15,control,1,13,0.0
14,9,15,control,1,14,0.0
0,9,16,control,0,0,0.25
1,9,16,control,0,1,1.0
2,9,16,control,0,2,1.0
3,9,16,control,0,3,0.0
4,9,16,control,0,4,1.0
5,9,16,control,0,5,0.0
6,9,16,control,0,6,1.0
7,9,16,control,0,7,0.0
8,9,16,control,0,8,1.0
9,9,16,control,0,9,0.0
10,9,16,control,0,10,1.0
11,9,16,control,0,11,0.0
12,9,16,control,0,12,1.0
13,9,16,control,0,13,1.0
14,9,16,control,0,14,1.0
0,9,17,control,1,0,0.25
1,9,17,control,1,1,1.0
2,9,17,control,1,2,1.0
3,9,17,control,1,3,1.0
4,9,17,control,1,4,1.0
5,9,17,control,1,5,1.0
6,9,17,control,1,6,1.0
7,9,17,control,1,7,1.0
8,9,17,control,1,8,0.0
9,9,17,control,1,9,1.0
10,9,17,control,1,10,0.0
11,9,17,control,1,11,1.0
12,9,17,control,1,12,1.0
13,9,17,control,1,13,1.0
14,9,17,control,1,14,1.0
0,9,18,control,0,0,0.25
1,9,18,control,0,1,0.3333333333333333
2,9,18,control,0,2,0.5
3,9,18,control,0,3,1.0
4,9,18,control,0,4,1.0
5,9,18,control,0,5,1.0
6,9,18,control,0,6,1.0
7,9,18,control,0,7,1.0
8,9,18,control,0,8,1.0
9,9,18,control,0,9,1.0
10,9,18,control,0,10,1.0
11,9,18,control,0,11,1.0
12,9,18,control,0,12,1.0
13,9,18,control,0,13,1.0
14,9,18,control,0,14,1.0
0,9,19,control,1,0,0.25
1,9,19,control,1,1,1.0
2,9,19,control,1,2,1.0
3,9,19,control,1,3,1.0
4,9,19,control,1,4,1.0
5,9,19,control,1,5,1.0
6,9,19,control,1,6,1.0
7,9,19,control,1,7,1.0
8,9,19,control,1,8,0.0
9,9,19,control,1,9,1.0
10,9,19,control,1,10,0.0
11,9,19,control,1,11,1.0
12,9,19,control,1,12,0.0
13,9,19,control,1,13,1.0
14,9,19,control,1,14,0.0
